{
  "SearchWikipedia-0" : {
    "transaction" : "SearchWikipedia-0",
    "sampleCount" : 3,
    "errorCount" : 0,
    "errorPct" : 0.0,
    "meanResTime" : 598.6666666666666,
    "medianResTime" : 505.0,
    "minResTime" : 422.0,
    "maxResTime" : 869.0,
    "pct1ResTime" : 869.0,
    "pct2ResTime" : 869.0,
    "pct3ResTime" : 869.0,
    "throughput" : 0.5184033177812338,
    "receivedKBytesPerSec" : 0.7792924874719198,
    "sentKBytesPerSec" : 0.28974560437186797
  },
  "SearchWikipedia-1" : {
    "transaction" : "SearchWikipedia-1",
    "sampleCount" : 3,
    "errorCount" : 0,
    "errorPct" : 0.0,
    "meanResTime" : 728.0,
    "medianResTime" : 640.0,
    "minResTime" : 319.0,
    "maxResTime" : 1225.0,
    "pct1ResTime" : 1225.0,
    "pct2ResTime" : 1225.0,
    "pct3ResTime" : 1225.0,
    "throughput" : 0.573175391669851,
    "receivedKBytesPerSec" : 0.9623823796331678,
    "sentKBytesPerSec" : 0.29684962504776463
  },
  "SearchWikipedia-2" : {
    "transaction" : "SearchWikipedia-2",
    "sampleCount" : 3,
    "errorCount" : 0,
    "errorPct" : 0.0,
    "meanResTime" : 655.0,
    "medianResTime" : 698.0,
    "minResTime" : 492.0,
    "maxResTime" : 775.0,
    "pct1ResTime" : 775.0,
    "pct2ResTime" : 775.0,
    "pct3ResTime" : 775.0,
    "throughput" : 0.6373486297004461,
    "receivedKBytesPerSec" : 1.0489696197153175,
    "sentKBytesPerSec" : 0.3338196436158912
  },
  "SearchWikipedia" : {
    "transaction" : "SearchWikipedia",
    "sampleCount" : 3,
    "errorCount" : 0,
    "errorPct" : 0.0,
    "meanResTime" : 2252.6666666666665,
    "medianResTime" : 2189.0,
    "minResTime" : 1646.0,
    "maxResTime" : 2923.0,
    "pct1ResTime" : 2923.0,
    "pct2ResTime" : 2923.0,
    "pct3ResTime" : 2923.0,
    "throughput" : 0.4278990158322636,
    "receivedKBytesPerSec" : 74.89402813436028,
    "sentKBytesPerSec" : 0.894799244045072
  },
  "SearchWikipedia-3" : {
    "transaction" : "SearchWikipedia-3",
    "sampleCount" : 3,
    "errorCount" : 0,
    "errorPct" : 0.0,
    "meanResTime" : 267.3333333333333,
    "medianResTime" : 267.0,
    "minResTime" : 204.0,
    "maxResTime" : 331.0,
    "pct1ResTime" : 331.0,
    "pct2ResTime" : 331.0,
    "pct3ResTime" : 331.0,
    "throughput" : 0.678886625933469,
    "receivedKBytesPerSec" : 115.54597335369995,
    "sentKBytesPerSec" : 0.3330345525005658
  },
  "Total" : {
    "transaction" : "Total",
    "sampleCount" : 18,
    "errorCount" : 0,
    "errorPct" : 0.0,
    "meanResTime" : 834.9444444444443,
    "medianResTime" : 572.5,
    "minResTime" : 115.0,
    "maxResTime" : 2923.0,
    "pct1ResTime" : 2262.400000000001,
    "pct2ResTime" : 2923.0,
    "pct3ResTime" : 2923.0,
    "throughput" : 2.1658043556732043,
    "receivedKBytesPerSec" : 133.2872097220551,
    "sentKBytesPerSec" : 1.6679466595475876
  },
  "LaunchWikipedia" : {
    "transaction" : "LaunchWikipedia",
    "sampleCount" : 3,
    "errorCount" : 0,
    "errorPct" : 0.0,
    "meanResTime" : 508.0,
    "medianResTime" : 128.0,
    "minResTime" : 115.0,
    "maxResTime" : 1281.0,
    "pct1ResTime" : 1281.0,
    "pct2ResTime" : 1281.0,
    "pct3ResTime" : 1281.0,
    "throughput" : 0.4503152206544581,
    "receivedKBytesPerSec" : 8.643941383968778,
    "sentKBytesPerSec" : 0.1974526699939958
  }
}